[{"__type__":"cc.SpriteFrame","content":{"name":"default_btn_disabled","texture":"71VhFCTINJM6/Ky3oX9nBT","rect":[0,0,40,40],"offset":[0,0],"originalSize":[40,40],"capInsets":[12,12,12,12]}},{"__type__":"cc.SpriteFrame","content":{"name":"HDWallpaper","texture":"02kwjS+p9DS5lY/b694nF3","rect":[0,0,360,640],"offset":[0,0],"originalSize":[360,640],"capInsets":[0,0,0,0]}},[{"__type__":"cc.SceneAsset","_name":"Inicio","scene":{"__id__":1},"asyncLoadAssets":{}},{"__type__":"cc.Scene","_name":"New Node","_children":[{"__id__":2},{"__id__":4},{"__id__":5}],"_anchorPoint":{"__type__":"cc.Vec2"},"_scale":{"__type__":"cc.Vec3","x":0.5112898771007262,"y":0.5112898771007262,"z":0.5112898771007262},"autoReleaseAssets":true},{"__type__":"cc.Node","_name":"Canvas","_parent":{"__id__":1},"_children":[{"__id__":3}],"_level":1,"_components":[{"__type__":"cc.Canvas","node":{"__id__":2},"_designResolution":{"__type__":"cc.Size","width":360,"height":640}}],"_contentSize":{"__type__":"cc.Size","width":360,"height":640},"_position":{"__type__":"cc.Vec3","x":180,"y":320},"_scale":{"__type__":"cc.Vec3","x":1,"y":1,"z":1},"_id":"09WP2wf/pKgKMb8S9P5vka"},{"__type__":"cc.Node","_name":"Main Camera","_parent":{"__id__":2},"_level":2,"_components":[{"__type__":"cc.Camera","node":{"__id__":3},"_clearFlags":7,"_depth":-1}],"_scale":{"__type__":"cc.Vec3","x":1,"y":1,"z":1}},{"__type__":"cc.Node","_name":"HDWallpaper","_parent":{"__id__":1},"_level":1,"_components":[{"__type__":"cc.Sprite","node":{"__id__":4},"_spriteFrame":{"__uuid__":"3ajwGT0e5K9KAmb6Cn3YUF"}},{"__type__":"ab289rIjlJB+6Nj9ETDkBMb","node":{"__id__":4}}],"_contentSize":{"__type__":"cc.Size","width":360,"height":640},"_position":{"__type__":"cc.Vec3","x":180,"y":320},"_scale":{"__type__":"cc.Vec3","x":1,"y":1,"z":1},"_id":"1e0whh47RNIZsNRulOLumt"},{"__type__":"cc.Node","_name":"button","_parent":{"__id__":1},"_children":[{"__id__":6},{"__id__":7}],"_level":1,"_components":[{"__type__":"cc.Sprite","node":{"__id__":5},"_spriteFrame":{"__uuid__":"f0BIwQ8D5Ml7nTNQbh1YlS"},"_type":1,"_sizeMode":0},{"__type__":"cc.Button","node":{"__id__":5},"_N$transition":2,"transition":2,"_N$normalColor":{"__type__":"cc.Color","r":255,"g":255,"b":255},"_N$pressedColor":{"__type__":"cc.Color","r":255,"g":255,"b":255},"pressedColor":{"__type__":"cc.Color","r":255,"g":255,"b":255},"_N$disabledColor":{"__type__":"cc.Color","r":255,"g":255,"b":255},"_N$normalSprite":{"__uuid__":"f0BIwQ8D5Ml7nTNQbh1YlS"},"_N$pressedSprite":{"__uuid__":"e97GVMl6JHh5Ml5qEDdSGa"},"pressedSprite":{"__uuid__":"e97GVMl6JHh5Ml5qEDdSGa"},"_N$hoverSprite":{"__uuid__":"f0BIwQ8D5Ml7nTNQbh1YlS"},"hoverSprite":{"__uuid__":"f0BIwQ8D5Ml7nTNQbh1YlS"},"_N$disabledSprite":{"__uuid__":"29FYIk+N1GYaeWH/q1NxQO"},"_N$target":{"__id__":5}}],"_contentSize":{"__type__":"cc.Size","width":100,"height":40},"_position":{"__type__":"cc.Vec3","x":172,"y":330},"_scale":{"__type__":"cc.Vec3","x":1,"y":1,"z":1},"_id":"94kshhAyNGFonWRkUMhGm+"},{"__type__":"cc.Node","_name":"1024","_parent":{"__id__":5},"_level":2,"_components":[{"__type__":"cc.Sprite","node":{"__id__":6},"_spriteFrame":{"__uuid__":"e3z0HOqbRNP59wjQDAe3t6"},"_sizeMode":0},{"__type__":"ab289rIjlJB+6Nj9ETDkBMb","node":{"__id__":6}}],"_contentSize":{"__type__":"cc.Size","width":200,"height":200},"_position":{"__type__":"cc.Vec3","x":-1,"y":-5},"_scale":{"__type__":"cc.Vec3","x":1,"y":1,"z":1}},{"__type__":"cc.Node","_name":"Facebook","_parent":{"__id__":5},"_level":2,"_components":[{"__type__":"ab289rIjlJB+6Nj9ETDkBMb","node":{"__id__":7}}],"_scale":{"__type__":"cc.Vec3","x":1,"y":1,"z":1}}],{"__type__":"cc.SpriteFrame","content":{"name":"1024","texture":"7fWF1QrLhOIYmzd0HJGro5","rect":[0,0,1024,1024],"offset":[0,0],"originalSize":[1024,1024],"capInsets":[0,0,0,0]}},{"__type__":"cc.SpriteFrame","content":{"name":"default_btn_pressed","texture":"b4P/PCArtIdIH38t6mlw8Y","rect":[0,0,40,40],"offset":[0,0],"originalSize":[40,40],"capInsets":[12,12,12,12]}},{"__type__":"cc.SpriteFrame","content":{"name":"default_btn_normal","texture":"e8Ueib+qJEhL6mXAHdnwbi","rect":[0,0,40,40],"offset":[0,0],"originalSize":[40,40],"capInsets":[12,12,12,12]}}]